,star,indice,max,min,mean,median,std,time_span,N_spectra
0,HD192310,I_CaII,0.20207027482727838,0.14140792425857857,0.16653669460946172,0.1635788477630941,0.019093780116087318,4717.176624639891,148
1,HD192310,I_Ha06,0.12449081346438826,0.1158392867051262,0.1195871790751759,0.1196506182597228,0.0026041797118427617,4717.176624639891,148
2,HD192310,I_NaI,0.19417506267571016,0.17845490296793154,0.1854537860509391,0.1847948541743233,0.0032767165012042004,4717.176624639891,148
3,HD192310,rv,-54192.999999999985,-54192.999999999985,-54192.99999999999,-54192.999999999985,7.275957614183426e-12,4717.176624639891,148
