,star,indice,max,min,mean,median,std,N_spectra
0,HD192310,I_CaII,0.21987618031398393,0.14046550468296645,0.1485932678691814,0.14556619268028365,0.011899065809846152,143
1,HD192310,I_Ha06,0.12240374358231679,0.11591421299587772,0.11702530633723873,0.1166944161814701,0.001209119251635352,143
2,HD192310,I_NaI,0.18677733935143248,0.17971245909681216,0.18426829024610447,0.1844632743172838,0.001103269592972547,143
3,HD192310,rv,-54216.6524957254,-54231.4116819486,-54223.62160453076,-54223.7292194756,2.654966332695109,143
