,star,indice,max,min,mean,median,std,N_spectra
0,HD20794,I_CaII,0.13749585287812774,0.13299952733580123,0.13594500453714295,0.13596552232478298,0.0007032128007804466,190
1,HD20794,I_Ha06,0.10634192182225014,0.10371015213485182,0.10542554067591564,0.10546254983564177,0.00045703287914471174,190
2,HD20794,I_NaI,0.28585370240957175,0.2604963795674232,0.27714857298469436,0.2777706612395623,0.003927695204089535,190
3,HD20794,rv,87959.4813127723,87942.6478524336,87953.37120489952,87954.28105133181,3.6041003075828866,190
