,star,indice,max,min,mean,median,std,N_spectra
0,HD20794,I_CaII,0.1374976975839837,0.13300140372783992,0.13594096308293055,0.13594876744274267,0.0007097894053702855,188
1,HD20794,I_Ha06,0.1063413335341046,0.1037118235268614,0.10533118158294547,0.1054565266615449,0.0005061315966748718,188
2,HD20794,I_NaI,0.2835689993797667,0.2629074385092086,0.2773110131647831,0.2777748220995292,0.003734618872440331,188
3,HD20794,rv,88432.0000000008,87612.00000000038,87961.5212765961,87962.00000000055,100.02278769338054,188
