,star,indice,max,min,mean,median,std,N_spectra
0,HD85512,I_CaII,0.480543817141917,0.3022986282214261,0.3981854572327564,0.3930719342673291,0.044215461281364984,182
1,HD85512,I_Ha06,0.1659960785958385,0.15162600164453882,0.1598484595655866,0.1587883339986869,0.003066510166264952,182
2,HD85512,I_NaI,0.11688030085048313,0.11127255489133782,0.11458879655344577,0.11474155509856206,0.0010699688698462997,182
3,HD85512,rv,-8810.000000000038,-10210.00000000001,-9510.000000000004,-9490.000000000024,179.10951895479596,182
