,star,indice,max,min,mean,median,std,N_spectra
0,HD192310,I_CaII,0.19670005940848892,0.14132896809663353,0.14849528120929487,0.14556609727312958,0.010788940467861132,141
1,HD192310,I_Ha06,0.123004239010235,0.11591423327867996,0.11706418842345594,0.11670437644840301,0.0013458156621518821,141
2,HD192310,I_NaI,0.18668090775211357,0.18138931466739325,0.18429798192225735,0.18440451389713217,0.0009224803933302456,141
3,HD192310,rv,-53693.00000000032,-54853.00000000009,-54253.85106382986,-54213.00000000021,186.34022632180918,141
