,star,indice,max,min,mean,median,std,time_span,N_spectra
0,HD20794,I_CaII,0.13785772886022074,0.13128867257362423,0.13534703594920747,0.13555853220549485,0.0013672049921512955,7038.778700300027,141
1,HD20794,I_Ha06,0.10907849010001114,0.10384278410069735,0.10537690616808734,0.10534589548141256,0.0008265763191973683,7038.778700300027,141
2,HD20794,I_NaI,0.29714550203071527,0.2659090228029037,0.2793632510021639,0.27875542564045525,0.006683078546511226,7038.778700300027,141
3,HD20794,rv,87981.99999999994,87981.99999999994,87981.99999999999,87981.99999999994,4.3655745685100555e-11,7038.778700300027,141
